method,n_samples,encoding_dim,time
Mała (dim=8),1000,8,0.5541951656341553
Średnia (dim=16),1000,16,0.6290340423583984
Duża (dim=32),1000,32,0.6118574142456055
Mała (dim=8),5000,8,3.324430227279663
Średnia (dim=16),5000,16,2.912360429763794
Duża (dim=32),5000,32,2.7719740867614746
