algorithm,n_features,time
LOF,5,0.014997482299804688
Isolation Forest,5,0.07719635963439941
Autoencoder,5,0.25386643409729004
LOF,10,0.018878459930419922
Isolation Forest,10,0.07222962379455566
Autoencoder,10,0.24155735969543457
LOF,20,0.023855924606323242
Isolation Forest,20,0.07482743263244629
Autoencoder,20,0.23057103157043457
LOF,50,0.042447566986083984
Isolation Forest,50,0.07725858688354492
Autoencoder,50,0.2467975616455078
