Dataset,Isolation Forest,LOF,PCA
Breast Cancer,0.6745283018867925,0.41037735849056606,0.5377358490566038
Credit Card,0.32558139534883723,0.03488372093023256,0.32558139534883723
KDD Cup 99,0.5009719437344068,0.32004341534008685,0.4706674007463143
Synthetic,0.996,0.052,0.044
