Algorithm,Avg_Precision,Avg_Recall,Avg_F1,Avg_AUC_ROC,Avg_Time
LOF,0.2728178215608134,0.17907163313142033,0.20432612369022138,0.5006971986826246,30.268601894378662
Isolation Forest,0.6630382481212946,0.6003260773741743,0.6242704102425092,0.23583397407608322,0.34412479400634766
PCA,0.38070931110136025,0.3220803757740353,0.3444961612879388,0.5567773256012136,0.04571080207824707
